<?xml version='1.0' encoding='ISO-8859-1'?>
<proshop datesysteme="2023-03-08T10:42:31"><ventes date="2023-03-08" magasin="008"><ticket numero="002972" heure="09:57:21"><client><code>12161</code><nom>Baux</nom><prenom>Marie-no�lle</prenom><adresse1>9 Impasse Olympe De Gouges</adresse1><codepostal>66330</codepostal><ville>Cabestany</ville><telephone>0680761823</telephone><email>mn.sanchez-baux@orange.fr</email></client><produits><article libelle="Veste Marron KENYA (Taille : L)"><type>V</type><gencod>9005044888110</gencod><taille>TU</taille><pvttc>59.990000</pvttc><quantite>1</quantite></article><article libelle="Pantalon Ecru GARY (Taille : L)"><type>V</type><gencod>9005044179119</gencod><taille>TU</taille><pvttc>54.990000</pvttc><quantite>1</quantite></article></produits><reglements><mode><code>CB</code><montant>114.980000</montant></mode></reglements></ticket></ventes></proshop>