<?xml version='1.0' encoding='ISO-8859-1'?>
<proshop datesysteme="2023-06-05T12:30:30"><ventes date="2023-06-05" magasin="008"><ticket numero="003256" heure="10:20:30"><client><code>12443</code><nom>Georges</nom><prenom>Bernadette</prenom><adresse1>28 Rue De La R�sistance</adresse1><codepostal>24130</codepostal><ville>Saint Pierre D'eyraud</ville><email>begeorges@laposte.net</email></client><produits><article libelle="Blouse Brod� Banditas AFRA (Taille : TU)"><type>V</type><gencod>9005046092010</gencod><taille>TU</taille><pvttc>39.990000</pvttc><quantite>1</quantite></article><article libelle="Transport"><type>R</type><gencod>TTRA</gencod><taille/><prht>4.950000</prht><pvttc>4.950000</pvttc></article></produits><reglements><mode><code>CB</code><montant>44.940000</montant></mode></reglements></ticket></ventes></proshop>