<?xml version='1.0' encoding='ISO-8859-1'?>
<proshop datesysteme="2023-02-16T14:31:42"><ventes date="2023-02-15" magasin="008"><ticket numero="002925" heure="15:58:13"><client><code>85</code><nom>Le lamer</nom><prenom>Sylvie</prenom><adresse1>10 rue gabriel faur�</adresse1><codepostal>66250</codepostal><ville>SAINT LAURENT DE LA SALANQUE    FRANCE</ville><telephone>0604475954</telephone><email>zouky56@hotmail.fr</email></client><produits><article libelle="Haut Vintage Noir HOPE (Taille : TU)"><type>V</type><gencod>9005042600011</gencod><taille>TU</taille><pvttc>26.990000</pvttc><quantite>1</quantite></article></produits><reglements><mode><code>PAY</code><montant>26.990000</montant></mode></reglements></ticket></ventes><ventes date="2023-02-16" magasin="008"><ticket numero="002926" heure="04:18:00"><client><code>3952</code><nom>Chabernaud</nom><prenom>Elodie</prenom><adresse1>235 Perissat des Essarts</adresse1><codepostal>87200</codepostal><ville>Saint junien</ville><telephone>0667023616</telephone><email>fredelo87@orange.fr</email></client><produits><article libelle="Chemisier Basic Blanc SULY (Taille : TU)"><type>V</type><gencod>9005043990012</gencod><taille>TU</taille><pvttc>29.990000</pvttc><quantite>1</quantite></article><article libelle="Haut Ray� Rock RYNA (Taille : TU)"><type>V</type><gencod>9005044217019</gencod><taille>TU</taille><pvttc>29.990000</pvttc><quantite>1</quantite></article><article libelle="Transport"><type>R</type><gencod>TRA</gencod><taille/><pvttc>4.950000</pvttc><remise>4.950000</remise></article></produits><reglements><mode><code>CB</code><montant>59.980000</montant></mode></reglements></ticket></ventes></proshop>